{
    "parent": "minecraft:recipes/root",
    "criteria": {
        "has_chain": {
            "trigger": "minecraft:inventory_changed",
            "conditions": {
                "items": [
                    {
                        "item": "minecraft:chain"
                    }
                ]
            }
        },
        "has_fire": {
            "trigger": "minecraft:inventory_changed",
            "conditions": {
                "items": [
                    {
                        "item": "minecraft:fire_charge"
                    }
                ]
            }
        }
    },
    "requirements": [
        [
            "has_chain",
			"has_fire"
        ]
    ],
    "rewards": {
        "recipes": [
            "farm-mods:spawner"
        ]
    }
}
